Department,average_experience,average_salary
HR,5.0,80000.0
IT,4.333333333333333,83333.33333333333
